magnitude,cdi,mmi,sig,nst,dmin,gap,depth,dt,tsunami,Latitude,Longitude
7,8,7,768,117,0.509,17,14,2022-11,1,-9.7963,159.596
6.9,4,4,735,99,2.229,34,25,2022-11,0,-4.9559,100.738
7,3,3,755,147,3.125,18,579,2022-11,1,-20.0508,-178.346
7.3,5,5,833,149,1.865,21,37,2022-11,1,-19.2918,-172.129
6.6,0,2,670,131,4.998,27,624.464,2022-11,1,-25.5948,178.278
7,4,3,755,142,4.578,26,660,2022-11,1,-26.0442,178.381
6.8,1,3,711,136,4.678,22,630.379,2022-11,1,-25.9678,178.363
6.7,7,6,797,145,1.151,37,20,2022-10,1,7.6712,-82.3396
6.8,8,7,1179,175,2.137,92,20,2022-9,1,18.33,-102.913
7.6,9,8,1799,271,1.153,69,26.943,2022-9,1,18.3667,-103.252
6.9,9,9,887,215,0.401,34,10,2022-9,1,23.1444,121.307
6.5,7,7,756,178,0.43,54,10,2022-9,1,23.029,121.348
7,7,5,761,192,2.977,45,137,2022-9,1,-21.2077,170.239
7.6,8,8,965,272,3.158,12,116,2022-9,1,-6.2237,146.471
6.6,9,8,1043,141,8.454,34,12,2022-9,0,29.7263,102.279
6.6,7,6,672,68,5.293,34,30,2022-8,1,-32.6922,-178.959
7,9,8,1351,152,5.276,22,33.729,2022-7,1,17.5978,120.809
6.5,3,2,653,236,1.999,31,622.73,2022-6,0,-9.0618,-71.1647
7.2,7,5,876,144,2.494,40,236,2022-5,1,-14.8628,-70.3081
6.9,2,5,733,127,0.371,45,10,2022-5,1,-54.1325,159.027
6.8,6,5,762,162,1.505,30,220,2022-5,1,-23.6141,-66.7236
6.6,6,5,762,0,0.914,94,27,2022-4,1,11.5538,-86.9919
7,6,4,763,0,2.705,26,10,2022-3,1,-22.5732,170.349
6.9,6,4,738,0,2.697,42,10,2022-3,1,-22.72,170.277
6.7,8,7,806,0,0.289,32,24,2022-3,1,23.3421,121.636
7.3,9,8,2397,0,2.936,29,41,2022-3,1,37.7015,141.587
6.7,9,6,708,0,2.188,43,28,2022-3,0,-0.6831,98.6034
6.6,2,7,670,0,0.827,46,24,2022-3,1,-30.0528,-177.74
6.8,2,3,712,0,5.78,12,535,2022-2,1,-23.7852,-179.968
6.5,8,6,690,0,3.026,22,110,2022-2,0,-4.455,-76.9395
6.5,7,4,651,0,1.088,57,8,2022-1,1,-29.535,-176.729
6.6,8,6,785,0,2.418,22,33,2022-1,0,-6.9291,105.251
6.5,0,3,650,97,1.61607,108,37,2022-1,1,52.502,-168.08
6.5,0,3,650,23,0,208.8,37,2022-1,1,52.502,-168.08
6.6,8,5,674,0,0.507,49,19,2022-1,1,52.6252,-168.15
6.7,0,4,691,50,0.936943,126,33,2022-1,1,52.48,-167.736
6.7,0,4,691,20,0,205.2,33,2022-1,1,52.48,-167.736
6.8,7,6,730,0,0.92,61,20,2022-1,1,52.6563,-167.917
6.6,6,6,976,0,1.168,21,21,2022-1,0,35.1456,31.9095
6.6,9,8,1012,0,2.685,13,13,2022-1,0,37.8167,101.299
7.3,8,7,921,0,3.713,19,165.49,2021-12,0,-7.5924,127.581
7.3,9,5,854,0,1.025,32,14.27,2021-12,1,-7.6033,122.2
7.5,8,8,1094,0,4.951,40,126,2021-11,1,-4.4898,-76.8461
6.6,7,4,688,0,3.259,15,12,2021-11,1,23.5414,126.48
6.9,8,6,995,0,0,0,51.6,2021-10,1,56.2581,-156.492
6.9,4,3,740,0,4.778,31,535,2021-10,1,-21.1704,174.54
7.3,4,4,826,0,4.493,32,527,2021-10,1,-21.1036,174.895
6.5,7,5,684,0,0.993,114,21,2021-9,1,12.1598,-87.8542
7,8,8,2504,0,0.07,43,20,2021-9,1,16.9502,-99.7877
7.1,1,4,776,0,9.799,32,6,2021-8,1,-60.3026,-24.9992
6.6,1,3,670,0,8.865,19,7,2021-8,1,-60.1023,-24.4608
6.9,8,7,741,0,0.579,54,93,2021-8,1,-14.892,167.085
6.9,6,4,734,0,8.363,48,16.7,2021-8,1,-58.3814,-23.3318
7.2,9,8,2331,0,1.178,23,10,2021-8,1,18.3521,-73.4804
6.9,5,4,738,0,0,0,33.3,2021-8,1,55.2364,-157.707
6.9,5,4,738,0,1.173,36,20.74,2021-8,1,55.2657,-157.68
8.1,0,7,1009,0,7.463,78,22.79,2021-8,0,-58.4157,-25.3206
7.5,9,6,868,0,7.227,38,47.23,2021-8,1,-57.5959,-25.1874
7.1,9,7,846,0,1.273,25,55.14,2021-8,1,6.4547,126.742
8.2,8,6,1237,0,0.875,66,46.66,2021-7,1,55.4742,-157.917
8.2,8,7,1252,0,0,0,35,2021-7,1,55.3154,-157.829
6.7,8,5,935,0,8.139,12,110,2021-7,1,13.6989,120.713
6.7,6,6,830,0,1.395,61,10,2021-7,1,7.5904,-82.8813
6.5,0,4,650,0,7.994,24,25,2021-6,1,-30.2144,-177.773
6.5,5,7,652,0,4.518,44,10,2021-5,1,-16.4796,-177.356
7.3,9,9,1025,0,4.655,9,10,2021-5,0,34.5861,98.2551
6.7,8,4,698,0,1.487,37,11,2021-5,0,0.1684,96.6475
6.7,9,3,694,0,10.669,45,10,2021-5,0,-17.2495,66.3745
6.9,7,6,919,0,2.619,35,43,2021-5,1,38.2296,141.665
6.5,4,4,651,0,5.931,20,246,2021-4,0,-21.6857,-177.064
6.5,6,4,652,0,10.405,19,301,2021-4,0,-18.9204,-176.235
7,7,7,1052,0,2.378,35,43,2021-3,1,38.4752,141.607
6.6,5,5,672,0,3.183,18,13.23,2021-3,1,54.7018,163.208
6.5,0,4,650,0,11.764,25,24,2021-3,0,-28.4792,-176.619
8.1,9,8,1021,0,0.739,21,28.93,2021-3,1,-29.7466,-177.224
7.4,3,7,843,0,0.437,30,43,2021-3,1,-29.6131,-177.842
7.3,7,6,932,0,0.918,24,10,2021-3,1,-37.596,179.544
7.1,9,8,1612,0,3.085,11,43.98,2021-2,1,37.6856,141.992
7.7,9,4,918,0,7.989,15,10,2021-2,1,-23.2787,171.489
6.9,9,5,739,0,1.55,16,15,2021-1,1,-61.8484,-55.559
7,7,5,802,0,2.821,15,80,2021-1,1,5.0074,127.517
6.7,8,8,776,0,2.043,22,10,2021-1,0,51.2407,100.443
6.7,5,5,776,0,1.319,19,10,2020-12,1,-39.3264,-74.9067
7,8,7,1527,0,1.518,18,21,2020-10,0,37.8973,26.7953
7.6,9,7,1165,0,0.23,36,28.37,2020-10,1,54.662,-159.675
6.9,0,3,732,0,11.255,16,10,2020-9,1,0.9604,-26.8332
6.5,6,6,674,0,0.388,49,16,2020-9,0,-27.9285,-71.3937
6.8,6,7,824,0,0.312,69,21,2020-9,1,-28.013,-71.1958
6.5,4,5,651,0,15.394,31,10,2020-8,0,0.8696,-29.7046
6.9,4,3,749,0,2.267,20,624,2020-8,0,-6.6704,123.493
6.9,4,4,735,0,1.716,25,26,2020-8,0,-4.2791,101.215
6.8,5,4,716,0,1.816,34,22,2020-8,0,-4.3724,101.095
6.6,9,8,784,0,5.128,14,10,2020-8,1,12.0065,124.13
7.8,9,7,1111,0,0.621,60,28,2020-7,1,55.1079,-158.477
7,6,7,820,0,1.671,18,73,2020-7,1,-7.847,147.755
6.6,4,2,684,0,1.458,14,533.76,2020-7,0,-5.6368,110.678
7.4,8,8,1494,0,0.151,30,20,2020-6,1,15.9163,-95.9533
7.4,7,7,873,0,4.035,23,10,2020-6,1,-33.2938,-177.838
6.6,5,4,734,0,2.015,18,165,2020-6,1,28.9386,128.262
6.8,6,6,835,0,1.164,21,112,2020-6,1,-23.2966,-68.4204
6.5,7,8,1320,27,0.357,55.79,2.7,2020-5,0,38.1689,-117.85
6.6,4,6,671,0,3.403,12,107,2020-5,1,-12.0662,166.648
6.8,4,6,738,0,1.921,16,96,2020-5,0,-6.7762,129.785
6.5,7,6,678,0,1.293,19,10,2020-5,0,34.1818,25.7101
6.5,8,8,1410,0,0.885,31,12.06,2020-3,0,44.4646,-115.118
7.5,6,5,879,0,4.109,12,57.8,2020-3,1,48.9638,157.695
7,5,6,770,0,4.501,25,143,2020-2,1,45.6161,148.959
7.7,9,6,1812,0,1.657,26,14.86,2020-1,1,19.4193,-78.756
6.7,8,9,1247,0,0.87,49,10,2020-1,0,38.4312,39.0609
6.8,9,7,825,0,0.546,39,18,2019-12,1,6.6969,125.174
7.1,6,6,799,0,1.271,11,33,2019-11,1,1.6213,126.416
6.5,0,2,650,0,4.765,25,577,2019-11,0,-21.9449,-179.511
6.6,4,4,673,0,5.086,48,10,2019-11,1,-18.5747,-175.272
6.5,9,7,733,0,0.428,19,10,2019-10,1,6.9098,125.178
6.6,9,7,780,0,0.646,24,15,2019-10,1,6.7567,125.008
6.7,7,6,844,0,1.269,98,11,2019-9,1,-35.4758,-73.163
6.5,7,7,656,0,3.909,15,12.26,2019-9,1,-3.4528,128.37
6.6,2,3,671,0,4.121,19,591,2019-9,1,-20.3641,-178.57
6.6,0,4,670,0,12.896,19,16,2019-8,1,-60.2152,-26.5801
6.9,4,6,875,0,2.839,23,49,2019-8,0,-7.2822,104.791
6.8,6,6,947,0,0.817,35,25,2019-8,1,-34.2364,-72.3102
6.6,0,4,670,0,6.024,30,181,2019-7,1,-16.1985,167.998
7.2,7,7,809,0,1.504,38,18.98,2019-7,1,-0.5858,128.034
6.6,5,5,791,0,2.978,32,10,2019-7,0,-18.2242,120.358
6.9,7,5,747,0,1.205,21,35,2019-7,0,0.5126,126.189
7.1,9,9,1646,77,0.04616,43,8,2019-7,0,35.7695,-117.599
7.3,4,6,952,0,2.629,16,212,2019-6,1,-6.4078,129.169
7.3,8,6,830,0,1.402,11,46,2019-6,1,-30.6441,-178.1
6.6,7,6,886,0,1.193,22,57.92,2019-5,1,13.1994,-89.3056
8,9,8,1890,0,3.18,17,122.57,2019-5,1,-5.8119,-75.2697
7.6,7,7,929,0,0.453,16,10,2019-5,1,-4.051,152.597
7.1,7,6,826,0,2.514,16,146,2019-5,1,-6.9746,146.449
6.8,5,6,717,0,0.791,28,15.46,2019-4,1,-1.8146,122.58
6.5,0,5,650,0,7.568,18,38,2019-4,1,-58.6262,-25.304
7,7,4,869,0,2.501,42,267,2019-3,1,-14.7131,-70.1546
7.5,7,7,1145,0,2.045,15,145,2019-2,1,-2.1862,-77.0505
6.7,6,6,909,0,0.289,43,66,2019-2,1,14.6802,-92.4527
6.7,0,3,691,0,7.527,17,13,2019-1,0,-43.1219,42.3568
6.7,8,8,1600,0,0.173,22,63,2019-1,1,-30.0404,-71.3815
6.6,5,4,671,0,7.818,18,35,2019-1,1,-13.336,166.875
6.6,2,4,672,0,1.596,33,43.21,2019-1,1,2.258,126.758
6.8,3,3,715,0,1.181,16,570.41,2019-1,0,-8.144,-71.587
7,5,5,803,0,1.769,21,60.21,2018-12,1,5.8983,126.921
7.3,3,7,822,0,4.126,23,16.56,2018-12,1,55.0999,164.699
7.1,0,5,776,0,7.043,20,133,2018-12,1,-58.5446,-26.3856
6.6,0,4,670,0,2.679,31,10,2018-12,1,-22.0629,169.733
7.5,3,6,871,0,2.405,18,10,2018-12,1,-21.9496,169.427
7.1,8,8,1790,0,0,0,46.7,2018-11,1,61.3464,-149.955
6.8,0,3,711,0,2.879,39,540,2018-11,1,-17.8735,-178.927
6.7,3,4,693,0,7.853,19,10,2018-11,1,71.6312,-11.2431
6.8,8,7,954,0,2.268,15,14,2018-10,0,37.5203,20.5565
6.5,2,4,655,0,1.692,68,10,2018-10,0,49.297,-129.724
6.8,4,4,776,0,1.505,36,10,2018-10,1,49.3346,-129.289
6.5,3,4,669,0,1.611,63,10,2018-10,1,49.2586,-129.412
6.5,0,4,650,0,2.109,22,17,2018-10,1,-21.7427,169.522
6.7,0,3,691,0,2.705,17,461,2018-10,1,52.8549,153.243
6.5,0,4,650,0,3.923,14,20,2018-10,1,49.2902,156.297
7,6,6,758,0,1.778,18,39,2018-10,1,-5.7012,151.205
6.7,2,3,691,0,3.745,23,550,2018-9,1,-18.3604,-178.063
7.5,8,8,2026,0,1.649,13,20,2018-9,0,-0.2559,119.846
6.5,4,1,651,0,5.139,18,576,2018-9,0,-25.415,178.199
6.9,3,4,735,0,2.785,18,115,2018-9,0,-31.7447,-179.373
6.5,3,6,651,0,1.638,25,68,2018-9,1,-10.0207,161.503
7.9,7,4,979,0,1.431,12,670.81,2018-9,1,-18.4743,179.35
6.6,8,9,1075,0,1.13,32,35,2018-9,1,42.6861,141.929
7.1,2,5,776,0,2.548,23,21.43,2018-8,1,-22.0295,170.126
7.1,0,3,776,0,3.77,12,630,2018-8,0,-11.0355,-70.8284
6.5,6,7,652,0,4.797,10,9,2018-8,1,-16.0315,168.143
7.3,8,6,1570,0,1.822,15,146.82,2018-8,1,10.7731,-62.9019
6.9,7,7,1206,0,2.453,31,21,2018-8,0,-8.319,116.627
8.2,5,4,1050,0,3.63,13,600,2018-8,1,-18.1125,-178.153
6.5,5,3,743,0,2.719,23,529,2018-8,0,-7.3718,119.802
6.5,6,6,655,0,0.576,22,33.93,2018-8,1,51.4234,-178.026
6.9,9,8,1704,0,2.271,15,34,2018-8,0,-8.2581,116.438
6.9,7,8,1392,63,0.11,210,5.81,2018-5,1,19.3182,-155
6.8,5,3,733,0,5.32,16,559,2018-4,0,-20.6588,-63.0058
6.9,9,6,741,0,1.487,18,35,2018-3,1,-5.5321,151.5
6.7,5,6,696,0,1.507,15,40,2018-3,1,-5.5024,151.402
6.8,6,6,719,0,1.049,16,22.86,2018-3,1,-4.3762,153.2
6.7,8,7,697,0,5.457,19,20.49,2018-3,1,-6.3043,142.612
7.5,9,8,943,0,5.48,17,25.21,2018-2,1,-6.0699,142.754
7.2,7,7,1384,0,0.142,82,22,2018-2,1,16.3855,-97.9787
7.9,9,4,1870,0,2.585,30,14.06,2018-1,1,56.0039,-149.166
7.1,9,7,1075,0,4.29,23,39,2018-1,1,-15.7675,-74.7092
7.5,8,5,1623,0,4.581,12,19,2018-1,1,17.4825,-83.52
6.5,8,7,998,0,2.365,28,90,2017-12,0,-7.4921,108.174
6.5,1,5,651,0,17.654,23,17,2017-12,1,-54.2189,2.1628
7,4,6,771,0,0.617,14,10,2017-11,1,-21.3246,168.671
6.6,4,5,676,0,0.529,21,13,2017-11,1,-21.5027,168.598
6.5,8,8,1153,0,0.225,37,19.36,2017-11,1,9.5147,-84.4865
7.3,8,9,2790,0,0.284,33,19,2017-11,0,34.9109,45.9592
6.5,6,5,661,0,4.449,10,110.57,2017-11,1,-4.2433,143.485
6.8,5,5,727,0,4.852,21,10,2017-11,1,-15.3197,-173.168
6.6,3,5,674,0,0.788,29,22,2017-11,1,-21.6484,168.859
6.7,3,4,691,0,1.062,55,24,2017-10,1,-21.6971,169.148
6.7,3,3,694,0,1.634,16,553.81,2017-10,0,-7.2168,123.074
6.5,3,5,651,0,1.154,11,119,2017-10,1,52.3909,176.769
7.1,9,8,1686,0,0.984,23,48,2017-9,0,18.5499,-98.4887
8.2,9,7,2910,0,0.944,22,47.39,2017-9,1,15.0222,-93.8993
6.5,5,7,707,0,11.411,22,9,2017-8,0,33.1926,103.855
6.6,7,7,1064,0,0.913,16,7,2017-7,0,36.9293,27.4139
7.7,8,7,918,0,3.564,13,10,2017-7,1,54.4434,168.857
6.6,5,4,704,0,3.773,37,10,2017-7,1,-49.4837,164.016
6.5,9,8,740,0,4.139,30,9,2017-7,1,11.1269,124.629
6.8,6,6,1034,0,1.065,38,38.12,2017-6,1,13.7174,-90.9718
6.9,8,6,1188,0,0.247,35,93,2017-6,1,14.9091,-92.0092
6.8,0,4,711,0,2.308,12,5,2017-6,1,54.0312,170.92
6.6,7,7,678,0,2.353,18,12,2017-5,0,-1.2923,120.431
6.5,0,4,650,0,6.489,17,15,2017-5,1,-56.414,-25.7432
6.8,6,5,713,0,7.495,19,169,2017-5,1,-14.5884,167.377
6.9,9,6,814,0,1.636,14,26,2017-4,1,5.5043,125.066
6.9,9,7,1642,0,0.356,39,28,2017-4,1,-33.0375,-72.0617
6.5,7,8,1297,0,2.36,15,29,2017-4,0,-22.6784,25.1558
6.6,6,7,671,0,4.591,14,17,2017-3,1,56.9401,162.786
6.9,2,3,733,0,6.012,19,414.5,2017-2,1,-23.2593,-178.804
6.5,3,3,653,0,4.242,14,595.98,2017-2,0,-19.2814,-63.9047
6.5,8,7,718,0,2.822,36,15,2017-2,1,9.9071,125.452
7.9,9,7,987,0,3.625,9,135,2017-1,1,-6.2464,155.172
6.5,6,6,654,0,1.64,21,36,2017-1,1,-10.3506,161.335
7.3,6,3,849,0,3.813,18,627.17,2017-1,1,4.4782,122.617
6.9,6,4,742,0,2.495,13,12,2017-1,1,-19.3733,176.052
7.6,9,8,1152,0,0.355,29,38,2016-12,1,-43.4064,-73.9413
6.7,5,5,726,0,3.38,17,152,2016-12,0,-7.5082,127.921
7.9,9,7,972,0,1.389,13,94.54,2016-12,1,-4.5049,153.522
6.9,8,6,737,0,1.747,26,19.73,2016-12,1,-10.749,161.132
6.5,0,5,650,0,1.937,18,12.26,2016-12,0,-10.8416,161.314
7.8,9,8,961,0,1.836,13,40,2016-12,1,-10.6812,161.327
6.6,5,4,1120,0,1.405,55,8.45,2016-12,1,40.4535,-126.194
6.5,9,8,731,0,0.778,27,13,2016-12,0,5.2834,96.1678
6.6,8,7,693,0,1.697,20,17,2016-11,0,39.2732,73.9776
6.9,5,4,855,0,1.796,20,10,2016-11,1,11.9097,-88.8968
6.9,9,6,1144,0,0.671,10,9,2016-11,1,37.3931,141.387
6.5,7,7,664,0,0.283,56,9,2016-11,1,-42.6058,173.254
6.5,6,7,656,0,0.135,58,10,2016-11,1,-42.3205,173.669
7.8,9,9,1545,0,0.481,21,15.11,2016-11,1,-42.7373,173.054
6.6,9,8,2840,0,0.174,25,8,2016-10,0,42.8621,13.0961
6.6,3,3,677,0,2.022,16,614,2016-10,0,-4.8626,108.163
6.8,3,6,716,0,3.727,11,42,2016-10,1,-6.0033,148.887
6.9,2,3,733,0,4.051,9,596.4,2016-9,1,-19.7819,-178.244
7,5,6,897,0,0.698,21,19,2016-9,1,-37.3586,179.146
6.8,4,3,713,0,0.803,12,476,2016-8,1,-3.6849,152.792
6.8,6,6,981,0,1.802,17,82,2016-8,0,20.9228,94.569
7.2,6,5,799,0,4.823,14,16.37,2016-8,1,-22.4765,173.117
7.7,5,6,971,0,3.294,14,196,2016-7,1,18.5429,145.507
6.6,4,6,671,0,2.435,16,50,2016-6,0,-2.0967,100.665
7.2,1,6,798,0,5.803,24,78,2016-5,1,-56.2409,-26.9353
6.9,3,3,733,0,5.485,19,405.69,2016-5,1,-21.9724,-178.204
6.9,8,7,780,0,1.192,17,29.95,2016-5,1,0.4947,-79.616
6.7,5,7,744,0,1.352,21,16,2016-5,1,0.4261,-79.7899
7,7,7,755,0,0.616,14,24,2016-4,1,-16.0429,167.379
7.8,9,9,1163,0,1.44,15,20.59,2016-4,1,0.3819,-79.9218
7,9,9,2074,0,0.349,32,10,2016-4,1,32.7906,130.754
6.9,6,6,903,0,3.001,14,136,2016-4,0,23.0944,94.8654
6.6,6,4,738,0,0.789,17,212,2016-4,0,36.4725,71.1311
6.7,7,5,692,0,6.787,25,27.59,2016-4,1,-13.9805,166.594
6.7,7,6,691,0,6.697,19,24,2016-4,1,-14.0683,166.624
6.9,7,6,734,0,1.166,25,26,2016-4,1,-14.3235,166.855
7.8,4,3,948,0,7.009,20,24,2016-3,0,-4.9521,94.3299
7.2,3,7,799,0,0.958,17,177,2016-1,1,53.9776,158.546
7.1,7,7,1496,0,0,0,125.6,2016-1,1,59.6204,-153.339
6.6,3,4,673,0,2.413,74,10,2016-1,1,18.8239,-106.934
6.7,5,6,717,0,0.281,22,46,2016-1,1,41.9723,142.781
6.5,3,6,651,0,3.144,22,13,2016-1,1,3.8965,126.862
6.7,8,7,1515,0,1.794,16,55,2016-1,0,24.8036,93.6505
6.6,8,6,765,0,0.41,35,85,2015-12,1,15.8015,-93.633
6.9,8,5,738,0,2.979,14,21,2015-12,0,-4.1064,129.508
7.2,4,7,827,0,1.116,18,22,2015-12,0,38.2107,72.7797
6.7,2,3,691,0,2.033,19,602.75,2015-11,0,-9.1825,-71.2574
7.6,5,4,896,0,2.852,10,620.56,2015-11,0,-10.0598,-71.0184
7.6,6,5,957,0,3.287,10,606.21,2015-11,1,-10.5372,-70.9437
6.8,5,6,715,0,1.599,19,12.59,2015-11,1,-8.8994,158.422
6.5,7,7,1018,0,0,0,11,2015-11,0,38.67,20.6
6.7,5,4,702,0,1.444,17,12,2015-11,0,31.0009,128.873
6.9,5,6,744,0,0.821,43,10,2015-11,0,-29.5097,-72.0585
6.9,6,6,761,0,0.784,32,12,2015-11,1,-29.5067,-72.0068
6.6,7,4,675,0,2.792,31,10,2015-11,0,6.8431,94.648
6.8,7,7,841,0,0.258,41,46,2015-11,1,-30.8796,-71.4519
6.5,5,7,657,0,1.53,21,20,2015-11,0,-8.3381,124.875
7.5,8,7,1448,0,0.622,18,231,2015-10,0,36.5244,70.3676
7.1,6,6,780,0,0.592,11,135,2015-10,1,-14.8595,167.303
6.6,7,7,671,0,2.486,13,18,2015-9,0,-0.6212,131.262
6.6,5,7,820,0,1.064,14,35,2015-9,1,-31.7275,-71.3792
6.7,5,7,718,0,0.853,35,23,2015-9,0,-31.5173,-71.804
6.5,6,7,657,0,0.749,62,27,2015-9,0,-31.4244,-71.6876
7,8,7,799,0,0.903,13,28.41,2015-9,0,-31.5622,-71.4262
8.3,9,8,1960,0,0.684,19,22.44,2015-9,1,-31.5729,-71.6744
6.7,5,5,708,0,1.256,123,10,2015-9,1,24.913,-109.623
6.5,0,5,650,0,2.045,16,6.43,2015-8,1,-9.3293,157.877
6.6,3,5,671,0,1.872,20,22,2015-8,1,-9.3438,158.053
7,9,7,762,0,6.278,12,48,2015-7,1,-2.6286,138.528
6.9,4,7,734,0,0.444,39,29,2015-7,1,52.376,-169.446
7,8,6,759,0,5.205,22,11,2015-7,1,-10.4012,165.141
6.5,4,4,686,0,1.218,20,20,2015-7,1,13.8672,-58.5479
6.7,4,5,691,0,1.529,11,12,2015-7,1,-9.307,158.403
6.5,3,4,652,0,2.277,11,460,2015-6,0,27.7375,139.725
7.8,6,3,1151,0,1.675,12,664,2015-5,1,27.8386,140.493
6.8,5,6,762,0,0,0,72.6,2015-5,1,56.594,-156.43
6.8,1,5,711,0,3.619,18,10,2015-5,1,-11.1093,163.215
6.9,1,4,732,0,4.024,22,11.19,2015-5,1,-11.0559,163.696
6.8,1,4,711,0,4.395,15,11,2015-5,1,-10.8759,164.169
6.8,8,6,831,0,1.422,8,35,2015-5,1,38.9056,142.032
7.3,8,7,1563,0,0.677,11,15,2015-5,0,27.8087,86.0655
7.1,1,6,776,0,3.835,11,10,2015-5,1,-7.2175,154.557
7.5,7,8,869,0,1.295,22,55,2015-5,1,-5.4624,151.875
6.8,5,6,714,0,1.074,23,44,2015-5,1,-5.2005,151.777
6.7,5,6,692,0,1.239,12,31,2015-4,1,-5.375,151.771
6.7,7,7,1016,0,0.727,13,22.91,2015-4,0,27.7711,86.0173
6.6,8,7,733,0,1.778,16,10,2015-4,0,28.2244,84.8216
7.8,8,9,2820,0,1.857,12,8.22,2015-4,0,28.2305,84.7314
6.5,0,5,650,0,3.702,42,10,2015-4,1,-15.8815,-178.6
6.5,2,5,650,0,4.629,36,11,2015-3,1,-15.4994,-173.029
7.5,6,7,872,0,0.666,19,41,2015-3,1,-4.7294,152.562
7,4,6,760,0,1.362,12,552.06,2015-2,0,-7.2968,122.535
6.7,5,5,714,0,1.925,20,23,2015-2,1,39.8558,142.881
6.7,4,6,700,0,2.11,16,223,2015-2,1,-23.1125,-66.688
6.8,1,4,711,0,2.019,13,219.96,2015-1,1,-17.0309,168.52
6.5,1,4,650,0,4.318,61,8,2015-1,1,5.9045,-82.6576
6.6,7,6,709,0,2.485,43,20,2014-12,1,7.9401,-82.6865
6.6,1,5,670,0,3.246,12,23,2014-12,1,-6.5108,154.46
6.6,1,3,670,0,2.6,9,614,2014-12,0,6.1572,123.126
6.8,6,5,713,0,1.421,19,39,2014-11,1,1.9604,126.575
6.5,5,5,652,0,1.549,9,35,2014-11,1,2.2999,127.056
6.7,7,4,698,0,1.079,25,22,2014-11,1,-37.6478,179.662
7.1,4,6,779,0,1.397,18,45,2014-11,1,1.8929,126.522
6.6,2,6,671,0,3.557,13,53.19,2014-11,1,-5.9873,148.232
7.1,3,6,776,0,4.415,13,434,2014-11,1,-19.6903,-177.759
7.3,8,6,982,0,1.078,18,40,2014-10,1,12.5262,-88.1225
6.7,5,5,724,0,0.46,11,130,2014-9,1,13.7641,144.429
6.8,6,6,741,0,4.107,18,101,2014-8,1,-14.598,-73.5714
6.9,0,4,732,0,6.393,12,13,2014-8,1,0.8295,146.169
6.9,0,6,732,0,3.934,15,615.42,2014-7,1,-19.8015,-178.4
6.5,5,4,706,0,2.421,9,20,2014-7,1,37.0052,142.452
6.9,8,7,1079,0,0.263,51,53,2014-7,1,14.724,-92.4614
6.5,0,4,650,0,2.124,15,20,2014-7,1,-6.2304,152.807
6.7,0,5,691,0,6.713,45,18,2014-6,1,-14.9831,-175.51
6.9,0,5,732,0,4.838,25,8,2014-6,1,-55.4703,-28.3669
7.9,6,8,963,0,0.133,22,109,2014-6,1,51.8486,178.735
6.7,0,5,691,0,0.748,43,26.59,2014-6,0,-29.9414,-177.607
6.5,0,5,650,0,0.778,30,10,2014-6,0,-29.9379,-177.516
6.9,0,5,732,0,0.751,35,20,2014-6,1,-29.9772,-177.725
6.9,9,7,951,0,0.402,25,6.43,2014-5,0,40.2893,25.3889
6.5,7,5,694,0,3.121,33,10,2014-5,1,7.2096,-82.3045
6.6,0,5,670,0,3.34,10,106,2014-5,1,-21.4542,170.355
6.5,4,6,838,0,0,0,10,2014-4,1,49.6388,-127.732
7.5,0,6,865,0,3.82,16,43.37,2014-4,1,-6.7547,155.024
6.6,0,6,670,0,3.803,11,29,2014-4,1,-6.6558,155.087
7.2,8,7,1017,0,2.25,46,24,2014-4,1,17.397,-100.972
6.6,0,6,670,0,2.666,22,10,2014-4,0,-11.1284,162.052
7.4,0,6,842,0,2.885,17,39,2014-4,1,-11.4633,162.051
7.6,0,7,889,0,2.828,13,22.56,2014-4,1,-11.2701,162.148
6.6,6,5,677,0,0.761,20,135,2014-4,1,11.642,-85.8779
6.5,0,6,650,0,3.787,16,20,2014-4,1,-6.7878,154.95
7.1,0,7,776,0,3.729,21,60.53,2014-4,1,-6.5858,155.048
7.7,8,9,1057,0,1.029,44,22.4,2014-4,1,-20.5709,-70.4931
6.5,7,7,670,0,0.828,82,24.07,2014-4,0,-20.3113,-70.5756
6.9,0,5,732,0,0.828,119,28.42,2014-4,0,-19.8927,-70.9455
8.2,9,8,1332,0,0.609,23,25,2014-4,1,-19.6097,-70.7691
6.7,7,7,718,0,1.008,44,20,2014-3,1,-19.9807,-70.7022
6.8,5,5,1211,112,0.6568,229,16.441,2014-3,1,40.8287,-125.134
6.5,4,5,668,0,1.001,17,119,2014-3,1,27.4312,127.367
6.5,5,4,681,0,1.635,30,14.83,2014-2,1,14.6682,-58.9272
6.9,3,8,733,0,7.496,18,10,2014-2,0,35.9053,82.5864
6.5,0,5,650,0,0.409,20,122,2014-2,1,-15.0691,167.372
6.5,0,3,650,0,3.651,22,44.26,2014-2,1,-32.9076,-177.881
6.5,0,4,650,0,3.997,14,187,2014-1,1,-13.8633,167.249
6.5,3,4,651,0,5.194,22,371,2013-11,0,-17.1171,-176.545
7.7,1,8,912,0,8.05,23,10,2013-11,1,-60.2738,-46.4011
6.9,0,5,732,0,8.284,17,9.97,2013-11,1,-60.2627,-47.0621
6.6,6,7,723,0,0.636,31,27,2013-10,1,-30.2921,-71.5215
7.1,6,4,872,0,3.968,10,35,2013-10,1,37.1557,144.661
6.6,8,5,692,0,1.98,44,9.45,2013-10,1,26.0913,-110.321
6.8,0,6,711,0,5.79,9,35,2013-10,1,-6.4456,154.931
7.1,9,8,1092,0,3.144,12,19.04,2013-10,1,9.8796,124.117
6.6,5,6,691,0,1.984,40,40,2013-10,0,35.5142,23.2523
6.7,0,3,691,0,2.958,11,573,2013-10,0,53.1995,152.786
6.5,0,4,650,0,1.709,21,41.54,2013-9,1,-30.9255,-178.323
6.8,7,7,1005,0,7.359,17,12,2013-9,0,27.1825,65.5052
7.1,8,7,843,0,4.446,17,40,2013-9,1,-15.8385,-74.5112
7.7,5,8,2015,0,7.241,17,15,2013-9,0,26.951,65.5009
6.5,0,6,650,0,0.735,24,20,2013-9,1,51.5573,-174.767
6.5,5,3,739,0,3.276,26,402,2013-9,0,29.9377,138.833
6.5,4,5,668,0,3.097,11,112,2013-9,0,-7.44,128.221
7,5,6,758,0,0.624,53,29,2013-8,0,51.537,-175.23
6.5,9,7,690,0,0,0,8.2,2013-8,1,-41.734,174.152
6.7,4,5,715,0,3.741,22,12,2013-8,1,5.7732,-78.1999
6.5,6,7,693,229,0,20,17,2013-7,1,-41.704,174.337
7.3,0,6,820,398,0,43,11,2013-7,1,-60.857,-25.07
6.6,4,6,674,139,0,14,56,2013-7,0,-6.029,149.706
7.3,0,4,820,117,0,24,385.5,2013-7,1,-3.917,153.927
6.6,0,7,670,111,0,16,10,2013-6,1,10.701,-42.594
6.5,5,6,679,698,0,27,30,2013-6,1,11.763,-86.926
6.7,5,4,710,515,0,24,9,2013-6,0,-10.004,107.236
6.7,0,3,691,217,0,25.2,624,2013-5,1,52.235,151.444
8.3,5,5,1115,385,0,10,598.1,2013-5,1,54.892,153.221
7.4,0,6,842,626,0,16,173.7,2013-5,1,-23.009,-177.232
6.8,0,3,711,131,0,18,602.2,2013-5,0,18.728,145.288
6.5,0,6,650,264,0,16.6,10,2013-4,1,-3.898,152.127
6.6,8,8,2083,548,0,12.6,14,2013-4,0,30.308,102.888
7.2,5,7,804,770,0,10.1,110,2013-4,1,46.221,150.788
6.6,7,7,672,445,0,11,13,2013-4,1,-3.214,142.542
7.7,8,8,1421,506,0,26.6,80,2013-4,0,28.033,61.996
6.6,0,5,670,491,0,11.5,31,2013-4,1,-6.475,154.607
7,3,7,755,640,0,11.4,66,2013-4,1,-3.517,138.476
6.5,0,6,650,317,0,14.2,28,2013-3,1,-6.598,148.174
6.5,3,6,651,480,0,20.7,29,2013-3,0,50.958,157.408
6.9,5,6,736,531,0,20.7,41,2013-2,1,50.954,157.283
6.6,0,7,670,697,0,15.3,11,2013-2,1,67.631,142.508
6.6,0,6,670,421,0,16.6,18,2013-2,1,-10.994,165.741
6.9,5,5,904,562,0,23.7,145,2013-2,1,1.135,-77.393
7.1,9,6,780,334,0,16.5,21,2013-2,1,-10.928,166.018
6.8,0,7,711,400,0,17.5,12,2013-2,1,-10.838,165.969
6.7,0,6,691,387,0,26.5,11,2013-2,1,-10.997,165.655
7,0,6,754,445,0,17.5,8.8,2013-2,0,-10.499,165.588
7.1,0,5,776,550,0,18.4,10,2013-2,0,-11.183,164.882
8,8,7,993,460,0,20.9,24,2013-2,1,-10.799,165.114
6.9,6,7,814,686,0,28,107,2013-2,0,42.77,143.092
6.8,6,7,771,596,0,19.3,45,2013-1,0,-28.094,-70.653
7.5,6,6,1425,0,0,0,8.7,2013-1,0,55.228,-134.859
6.7,0,4,691,521,0,13.7,200.7,2012-12,0,-14.344,167.286
7.1,5,5,843,517,0,8.7,155,2012-12,0,-6.533,129.825
7.3,6,5,1014,918,0,14.8,31,2012-12,0,37.89,143.949
6.5,4,5,708,598,0,57.3,20,2012-11,0,14.129,-92.164
6.8,7,6,795,391,0,13.7,13.7,2012-11,0,23.005,95.885
7.4,8,7,1455,751,0,25.5,24,2012-11,0,13.988,-91.895
7.8,8,7,1726,807,0,42.7,14,2012-10,0,52.788,-132.101
6.5,6,6,745,691,0,34.4,17,2012-10,0,10.086,-85.298
6.6,3,5,675,291,0,17.7,13,2012-10,0,-4.892,134.03
7.3,7,6,1221,934,0,15.5,170,2012-9,0,1.929,-76.362
7.6,8,7,1555,703,0,34.3,35,2012-9,0,10.085,-85.315
7.6,8,5,1115,682,0,10.2,28,2012-8,0,10.811,126.638
7.3,5,5,994,417,0,37,28,2012-8,0,12.139,-88.59
6.6,4,5,678,497,0,14.6,91.1,2012-8,0,2.19,126.837
7.7,7,4,941,862,0,13.8,583.2,2012-8,0,49.8,145.064
6.5,5,6,653,576,0,11.7,41,2012-7,0,-4.651,153.173
6.6,4,5,675,529,0,15.7,134.7,2012-4,0,-18.685,-174.705
6.7,0,7,691,370,0,15.4,16,2012-4,0,-1.617,134.276
6.8,6,5,732,597,0,12.6,198,2012-4,0,-5.462,147.117
6.7,0,7,691,518,0,26.9,29,2012-4,0,-32.625,-71.365
7,7,7,1000,474,0,95.9,13,2012-4,0,28.696,-113.104
6.5,7,6,1171,599,0,54.1,20,2012-4,0,18.229,-102.689
8.2,9,6,1213,341,0,14.9,25.1,2012-4,0,0.802,92.463
8.6,9,7,2048,499,0,16.6,20,2012-4,0,2.327,93.063
7.1,7,7,1496,553,0,15.2,40.7,2012-3,0,-35.2,-72.217
6.6,6,6,709,640,0,10.1,118,2012-3,0,-6.242,145.955
7.4,9,8,1752,672,0,37.9,20,2012-3,0,16.493,-98.231
6.7,7,7,833,596,0,13.4,12,2012-2,0,51.708,95.991
6.7,9,7,1551,572,0,11.1,11,2012-2,0,9.999,123.206
7.1,5,5,793,573,0,12,23,2012-2,0,-17.827,167.133
7.2,4,4,838,443,0,17,19,2012-1,0,2.433,93.21
6.6,0,7,670,545,0,17.6,15,2011-12,0,51.842,95.911
7.1,6,6,834,485,0,10.6,135,2011-12,0,-7.551,146.809
6.5,8,7,1400,578,0,38.6,59,2011-12,0,17.986,-99.789
6.9,6,7,847,474,0,46.5,24,2011-10,0,-14.438,-75.966
7.1,9,9,1096,693,0,19.7,18,2011-10,0,38.721,43.508
6.5,3,6,655,423,0,12.6,37,2011-10,0,-6.57,147.881
6.9,8,8,1562,383,0,13,50,2011-9,0,27.73,88.155
6.7,5,5,712,667,0,10.9,30,2011-9,0,40.273,142.779
6.7,5,6,915,447,0,15.3,91,2011-9,0,2.965,97.893
7,7,5,761,406,0,15.3,185.1,2011-9,0,-20.671,169.716
7,6,6,913,471,0,26.9,147,2011-8,0,-7.641,-74.525
7.1,5,6,787,564,0,12.3,28,2011-8,0,-18.311,168.218
6.5,0,5,650,322,0,15,35,2011-8,0,-18.308,168.156
7.2,8,6,813,280,0,18.4,32,2011-8,0,-18.365,168.143
6.6,3,6,674,229,0,16.6,10,2011-7,0,-3.518,144.828
7.6,3,7,893,567,0,33.5,17,2011-7,0,-29.539,-176.34
6.7,6,6,749,592,0,24.9,33,2011-6,0,39.955,142.205
6.8,4,5,734,519,0,12.5,11,2011-5,0,-20.244,168.226
6.8,5,6,719,445,0,13,79,2011-4,0,-10.375,161.2
6.6,7,7,822,586,0,10.1,11,2011-4,0,37.001,140.401
7.1,8,8,1114,446,0,17.7,42,2011-4,0,38.276,141.588
6.6,7,6,897,518,0,37.2,166.2,2011-4,0,17.208,-94.338
6.9,7,9,1154,335,0,18.2,8,2011-3,0,20.687,99.822
6.6,6,5,673,668,0,9.5,25.7,2011-3,0,39.241,142.463
6.5,0,4,650,369,0,18.7,6.8,2011-3,0,36.166,141.562
7.7,7,4,931,507,0,10.8,18.6,2011-3,0,38.058,144.59
7.9,8,7,1140,163,0,48.4,42.6,2011-3,0,36.281,141.111
9.1,9,8,2184,541,0,9.5,29,2011-3,0,38.297,142.373
7.3,5,5,972,550,0,17.4,32,2011-3,0,38.435,142.842
6.7,5,6,731,358,0,33.9,21,2011-2,0,-35.38,-72.834
6.9,7,7,988,382,0,34.7,26,2011-2,0,-36.422,-72.96
7.2,7,7,1449,372,0,25.3,68,2011-1,0,28.777,63.951
7,2,5,755,578,0,13.3,9,2011-1,0,-20.628,168.471
7.2,8,7,1054,397,0,30.1,24,2011-1,0,-38.355,-73.326
7.3,0,5,820,409,0,12,16,2010-12,0,-19.702,167.947
6.7,3,7,708,279,0,24.3,12,2010-12,0,28.412,59.18
6.6,0,6,670,306,0,18.5,33,2010-12,0,-6.001,149.977
7.8,4,7,946,379,0,23,20.1,2010-10,0,-3.487,100.082
6.7,5,5,776,352,0,50.3,13,2010-10,0,24.696,-109.156
7,8,5,772,271,0,15.1,26,2010-9,0,-4.963,133.76
7,8,8,1245,365,0,15.8,12,2010-9,0,-43.522,171.83
7.1,6,5,945,672,0,12.4,206.7,2010-8,0,-1.266,-77.306
7.3,7,7,850,405,0,20.2,25,2010-8,0,-17.541,168.069
7,4,6,757,396,0,12.7,44,2010-8,0,-5.746,150.765
6.5,5,4,659,403,0,11.1,220,2010-8,0,-5.486,146.822
7.6,5,3,902,340,0,15.1,578,2010-7,0,6.497,123.48
7.3,8,7,831,397,0,18.2,35,2010-7,0,-5.931,150.59
6.9,4,7,737,456,0,15.7,28,2010-7,0,-5.966,150.428
6.6,6,7,753,295,0,52.8,22,2010-7,0,-38.067,-73.31
6.7,5,6,696,392,0,18.7,35,2010-6,0,-10.627,161.447
6.6,0,7,670,309,0,25,10.5,2010-6,0,-2.329,136.484
7,3,7,755,307,0,18.1,18,2010-6,0,-2.174,136.543
7.5,6,5,1144,514,0,18.6,35,2010-6,0,7.881,91.936
7.2,5,6,804,327,0,11.7,31,2010-5,0,-13.698,166.643
7.2,5,6,918,611,0,20.6,38,2010-5,0,3.748,96.018
6.9,6,9,773,410,0,14.9,17,2010-4,0,33.165,96.548
6.9,4,5,740,399,0,12.1,21,2010-4,0,-10.878,161.116
7.8,0,7,936,352,0,19.2,31,2010-4,0,2.383,97.048
7.2,9,9,2910,10,0.5137,239,9.987,2010-4,0,32.2862,-115.295
6.6,5,6,701,413,0,16.7,34,2010-3,0,13.667,92.831
6.7,5,6,856,312,0,34.7,18,2010-3,0,-36.217,-73.257
6.5,6,5,810,491,0,27,32,2010-3,0,37.745,141.59
7,7,7,874,403,0,17.1,18,2010-3,0,-34.326,-71.799
6.9,7,7,1280,415,0,12.5,11,2010-3,0,-34.29,-71.891
6.8,4,6,717,401,0,23.2,26,2010-3,0,-3.762,100.991
6.6,7,7,736,255,0,27.8,18,2010-3,0,-36.665,-73.374
6.5,0,4,650,426,0,18.7,176,2010-3,0,-13.571,167.227
7.4,0,5,842,409,0,17.6,35,2010-2,0,-37.773,-75.048
8.8,8,8,1991,454,0,17.8,22.9,2010-2,0,-36.122,-72.898
7,6,6,1180,487,0,15.7,25,2010-2,0,25.93,128.425
7,9,9,1623,500,0,22.7,13,2010-1,0,18.443,-72.571
6.5,7,7,1360,51,0.3225,220,28.737,2010-1,0,40.652,-124.692
6.8,3,6,713,338,0,15,15.4,2010-1,0,-9.019,157.551
7.1,5,7,780,377,0,15,10,2010-1,0,-8.783,157.354
6.6,5,7,672,282,0,16.6,10,2010-1,0,-8.726,157.487
6.5,6,7,698,390,0,17.7,27,2009-11,0,-19.394,-70.321
7.3,0,4,820,430,0,15,595,2009-11,0,-17.239,178.331
6.6,7,6,677,305,0,20.4,18,2009-11,0,-8.207,118.631
6.8,0,6,711,424,0,21.4,34,2009-10,0,29.218,129.782
6.9,4,6,972,397,0,11,130,2009-10,0,-6.133,130.385
6.8,0,5,711,174,0,30.2,35,2009-10,0,-13.298,165.91
7.4,0,7,842,314,0,20.2,31.1,2009-10,0,-13.093,166.497
7.8,0,6,936,195,0,20.3,35,2009-10,0,-12.517,166.382
7.7,4,7,916,283,0,23.2,45,2009-10,0,-13.006,166.51
6.6,7,7,787,417,0,30.1,9,2009-10,0,-2.482,101.524
7.6,8,8,1639,498,0,14,81,2009-9,0,-0.72,99.867
8.1,7,6,1055,520,0,20.8,18,2009-9,0,-15.489,-172.095
7,7,7,1175,312,0,16.3,46,2009-9,0,-7.782,107.297
6.7,5,6,753,369,0,14.9,20,2009-8,0,-1.479,99.49
6.6,4,5,703,336,0,14.1,53,2009-8,0,32.821,140.395
7.5,7,6,1248,303,0,18.2,24,2009-8,0,14.099,92.902
7.1,5,4,1005,447,0,14.2,292,2009-8,0,33.167,137.944
6.9,5,7,1202,243,0,35,10,2009-8,0,29.039,-112.903
7.8,6,8,1165,434,0,16.8,12,2009-7,0,-45.762,166.562
6.7,5,5,693,269,0,13.8,64,2009-6,0,-5.157,153.782
7.3,7,8,1560,464,0,27.2,19,2009-5,0,16.731,-86.217
7.6,7,5,916,504,0,14,31,2009-3,0,-23.043,-174.66
7.2,3,7,802,432,0,18.6,20,2009-2,0,3.886,126.387
7.4,7,7,846,314,0,21.1,23,2009-1,0,-0.691,133.305
6.6,5,4,765,344,0,22.6,204.8,2009-1,0,36.419,70.743
7.7,5,7,918,288,0,29.8,17,2009-1,0,-0.414,132.885
7.4,9,7,848,365,0,33.7,30,2008-11,0,1.271,122.091
6.7,5,6,731,481,0,28.6,24,2008-10,0,14.423,-92.364
6.7,0,6,691,529,0,22.3,27.4,2008-10,0,39.533,73.824
6.8,0,6,711,500,0,22.2,25,2008-9,0,41.892,143.754
6.6,0,6,670,463,0,14.1,96,2008-9,0,1.885,127.363
6.9,0,6,732,531,0,14.9,110,2008-9,0,-13.501,166.967
6.7,4,7,692,325,0,28,12,2008-8,0,30.901,83.52
6.8,8,7,1046,633,0,20.2,108,2008-7,0,39.802,141.464
7,5,5,840,577,0,18.2,22,2008-7,0,37.552,142.214
6.9,5,5,825,0,0,0,25.5,2008-7,0,37.55,142.714
6.6,4,5,680,630,0,18.4,17,2008-6,0,11.005,91.824
6.9,7,8,888,654,0,17.1,7.8,2008-6,0,39.03,140.881
7.9,9,9,1870,774,0,11.3,19,2008-5,0,31.002,103.322
6.9,5,5,910,519,0,21.1,27,2008-5,0,36.164,141.526
7.3,0,6,820,486,0,13.4,33,2008-4,0,-20.071,168.892
7.2,0,7,798,532,0,25.9,10,2008-3,0,35.49,81.467
6.9,4,5,740,544,0,25.9,24,2008-3,0,13.351,125.63
6.7,5,6,696,543,0,15.1,25,2008-2,0,-2.245,99.808
6.6,4,6,674,421,0,17.7,25,2008-2,0,-2.332,99.891
7.2,4,7,832,505,0,18.4,25,2008-2,0,-2.486,99.972
6.5,4,6,654,429,0,28.3,22,2008-2,0,-2.405,99.931
7.4,5,7,914,607,0,16.4,26,2008-2,0,2.768,95.964
6.5,8,5,692,650,0,30.7,28,2008-2,0,36.345,21.863
6.9,6,6,941,645,0,30.6,29,2008-2,0,36.501,21.67
6.5,7,6,723,521,0,27.6,83,2008-2,0,16.357,-94.304
6.6,7,6,808,461,0,18.8,20,2007-12,0,-39.011,178.291
6.7,5,7,704,481,0,30.3,45,2007-12,0,-22.954,-70.182
7.4,7,7,1542,663,0,13.4,156,2007-11,0,14.944,-61.274
6.6,3,6,672,280,0,26.9,16,2007-11,0,-10.95,162.149
6.5,5,7,653,272,0,27.6,18,2007-11,0,-8.224,118.467
6.5,7,7,657,353,0,27.5,20,2007-11,0,-8.292,118.37
6.8,6,6,722,341,0,15.9,53,2007-11,0,-5.757,147.098
6.8,7,6,790,649,0,27,122.9,2007-11,0,-2.312,-77.838
6.8,6,7,716,285,0,40.1,26,2007-11,0,-22.925,-70.237
7.7,8,7,995,610,0,22.4,40,2007-11,0,-22.247,-69.89
6.8,3,5,713,494,0,23.9,21,2007-10,0,-3.899,101.02
6.8,4,7,744,338,0,19,18,2007-10,0,-44.796,167.553
6.8,4,5,713,348,0,15.5,40,2007-9,0,-4.99,153.5
6.7,3,5,696,503,0,26.9,30,2007-9,0,-1.999,100.141
7,4,7,768,537,0,23.1,22,2007-9,0,-2.13,99.627
6.5,0,5,650,409,0,26.2,28.9,2007-9,0,-1.689,99.668
7.9,8,7,1133,446,0,29.1,35,2007-9,0,-2.625,100.841
7.8,7,8,1152,0,0,0,40.5,2007-9,0,-2.52,100.139
8.4,0,6,1086,411,0,32.3,34,2007-9,0,-4.438,101.367
6.8,5,6,747,653,0,17.6,15,2007-9,0,2.966,-77.963
7.2,0,5,798,312,0,21.3,35,2007-9,0,-11.61,165.762
6.5,5,6,675,382,0,12.8,15,2007-8,0,-9.834,159.465
8,9,8,1385,625,0,25.7,39,2007-8,0,-13.386,-76.603
7.5,0,5,865,228,0,30.7,280,2007-8,0,-5.859,107.419
7.2,7,7,803,494,0,20.4,120,2007-8,0,-15.595,167.68
6.9,3,5,734,374,0,24.1,25,2007-7,0,2.872,127.464
6.8,5,4,779,664,0,18.2,350.4,2007-7,0,36.808,134.85
6.6,8,8,831,782,0,16.7,12,2007-7,0,37.535,138.446
6.7,6,6,972,468,0,37.7,23,2007-6,0,13.554,-90.618
6.9,0,7,732,305,0,15.3,10,2007-4,0,-7.306,155.741
6.6,0,7,670,251,0,16,10,2007-4,0,-7.169,155.777
8.1,9,8,1025,439,0,14.7,24,2007-4,0,-8.466,157.043
6.7,7,8,782,493,0,23.9,8,2007-3,0,37.336,136.588
7.1,3,6,779,426,0,25.3,34,2007-3,0,-20.617,169.357
6.7,0,6,691,253,0,40.3,12,2007-2,0,-1.034,126.976
7.5,6,5,874,570,0,21.6,22,2007-1,0,1.065,126.282
8.1,4,5,1034,606,0,14,10,2007-1,0,46.243,154.524
6.9,6,7,798,466,0,31.6,10,2006-12,0,21.974,120.493
7.1,8,7,1023,744,0,29.1,10,2006-12,0,21.799,120.547
8.3,4,7,1064,576,0,20.9,10,2006-11,0,46.592,153.266
6.6,0,6,670,352,0,18.6,11,2006-11,0,-6.482,151.195
6.7,5,6,732,444,0,53.4,23,2006-10,0,-13.457,-76.677
6.7,5,6,692,533,0,15.6,32,2006-10,0,-5.881,150.982
6.7,8,9,1481,43,0,124,38.182,2006-10,0,19.877,-155.935
6.9,3,3,737,702,0,20.9,28,2006-9,0,-16.592,-172.033
6.8,0,6,711,459,0,28.4,38,2006-9,0,-6.759,155.512
6.5,0,6,650,700,0,47.4,43,2006-8,0,51.148,157.522
6.8,5,5,713,551,0,26.2,150,2006-8,0,-15.798,167.789
7.7,7,5,947,357,0,36.8,20,2006-7,0,-9.284,107.419
6.5,0,6,650,477,0,20.3,34,2006-5,0,-5.724,151.133
6.6,0,7,670,548,0,28,19,2006-5,0,60.772,165.743
6.8,4,5,719,701,0,16.3,12,2006-5,0,0.093,97.05
8,7,7,1013,626,0,20.7,55,2006-5,0,-20.187,-174.123
8,8,9,1026,0,0,0,60.5,2006-5,0,-19.99,-173.907
6.5,7,7,653,282,0,46.3,12,2006-4,0,-27.211,-71.056
6.7,6,7,696,277,0,25.6,12,2006-4,0,-27.017,-71.022
6.6,0,8,670,645,0,28.4,11,2006-4,0,60.491,167.516
7.6,0,8,889,579,0,18.5,22,2006-4,0,60.949,167.089
6.5,3,5,654,247,0,25.5,14,2006-4,0,-16.527,176.989
6.7,0,7,691,306,0,21.3,30.1,2006-3,0,-3.595,127.214
7,5,9,891,412,0,23.2,11,2006-2,0,-21.324,33.583
6.7,7,6,934,769,0,19.7,66,2006-1,0,36.311,23.212
6.6,7,6,703,323,0,48.2,14,2006-1,0,28.164,-112.117
6.5,6,5,721,529,0,20.5,224.6,2005-12,0,36.357,71.093
6.8,5,7,744,561,0,20,22,2005-12,0,-6.224,29.83
6.5,4,5,683,464,0,48.8,29,2005-12,0,38.089,142.122
6.5,3,6,651,358,0,20.7,21,2005-11,0,2.164,96.786
6.8,0,6,711,509,0,30.1,147,2005-11,0,-22.361,-67.895
7.6,9,9,1267,724,0,21.1,26,2005-10,0,34.539,73.588
6.6,0,6,670,402,0,17.7,25,2005-9,0,-5.437,151.84
7.5,8,7,1018,696,0,26.2,115,2005-9,0,-5.678,-76.398
7.6,5,7,891,502,0,20,90,2005-9,0,-4.539,153.474
7.2,7,7,1104,698,0,19.6,36,2005-8,0,38.276,142.039
7.2,4,5,808,636,0,26.4,16,2005-7,0,7.92,92.19
6.7,3,6,693,398,0,22.3,21,2005-7,0,1.819,97.082
6.6,6,5,719,446,0,21.1,27,2005-7,0,11.245,-86.172
7.2,5,4,1318,420,0,31.4,16,2005-6,0,41.292,-125.953
7.8,8,7,1020,714,0,16.1,115.6,2005-6,0,-19.987,-69.197
6.9,5,7,740,635,0,26,30,2005-5,0,1.989,97.041
6.7,6,5,731,695,0,20.9,34,2005-5,0,0.587,98.459
6.5,3,6,657,478,0,21.2,30,2005-4,0,-1.714,99.779
6.7,5,6,717,656,0,21.2,19,2005-4,0,-1.644,99.607
8.6,0,8,1138,510,0,22.1,30,2005-3,0,2.085,97.108
6.6,8,7,805,401,0,22.9,10,2005-3,0,33.807,130.131
7.1,0,5,776,569,0,18.1,201.7,2005-3,0,-6.527,129.933
6.8,0,6,711,444,0,33.8,36,2005-2,0,2.908,95.592
6.5,0,7,650,371,0,31.8,10,2005-2,0,-5.562,122.129
6.5,3,5,652,286,0,47.3,39.7,2005-2,0,4.756,126.421
6.7,0,4,691,457,0,30.2,206.3,2005-2,0,-14.252,167.259
7.1,7,3,782,640,0,26.4,525,2005-2,0,5.293,123.337
6.6,6,4,676,225,0,78.5,27.8,2005-1,0,34.064,141.491
6.6,0,5,670,353,0,31.9,16.1,2004-12,0,8.879,92.375
7.2,5,6,802,385,0,27.9,39.2,2004-12,0,6.91,92.958
9.1,0,8,1274,601,0,22,30,2004-12,0,3.295,95.982
8.1,0,5,1009,331,0,59.3,10,2004-12,0,-49.312,161.345
6.8,5,6,858,639,0,21.8,10,2004-12,0,18.958,-81.409
6.8,4,7,724,759,0,23.6,35,2004-12,0,42.9,145.228
7,4,7,771,929,0,23.9,39,2004-11,0,43.006,145.119
7.1,0,7,776,439,0,28.8,10,2004-11,0,-3.609,135.404
7.1,5,5,782,585,0,14.7,10,2004-11,0,-46.676,164.721
7.2,8,8,820,708,0,50.2,15,2004-11,0,4.695,-77.508
7.5,5,7,870,301,0,33.8,10,2004-11,0,-8.152,124.868
6.7,0,6,691,233,0,21.5,10,2004-11,0,-11.128,162.208
6.7,7,4,703,459,0,37.3,10,2004-11,0,49.277,-128.772
6.6,0,8,670,782,0,37,16,2004-10,0,37.226,138.779
6.7,5,6,705,698,0,24.7,94,2004-10,0,24.53,122.694
7,0,6,754,441,0,32.2,35,2004-10,0,11.422,-86.665
6.5,5,5,665,526,0,18.3,105,2004-10,0,13.925,120.534
6.8,0,6,711,545,0,15.7,36,2004-10,0,-10.951,162.161
6.6,0,4,670,478,0,29.8,10,2004-9,0,33.205,137.227
7.4,0,5,842,594,0,27.5,10,2004-9,0,33.184,137.071
7.2,0,5,798,643,0,28.4,14,2004-9,0,33.07,136.618
6.5,0,7,650,349,0,30.1,5,2004-8,0,-35.173,-70.525
6.5,0,7,650,305,0,39,13.4,2004-7,0,-0.443,133.091
6.9,0,5,732,798,0,31.2,188.6,2004-6,0,55.682,160.003
6.6,0,7,670,282,0,46.9,21,2004-5,0,-37.695,-73.406
6.7,0,5,691,386,0,27.6,65.8,2004-4,0,-9.362,122.839
6.5,0,4,650,424,0,29.9,228.4,2004-4,0,-13.174,167.198
6.6,0,4,670,728,0,18.3,187.1,2004-4,0,36.512,71.029
6.7,0,7,691,256,0,33.3,25.7,2004-2,0,-3.665,135.339
7.3,0,7,820,390,0,23,10,2004-2,0,-4.003,135.023
7,0,7,754,367,0,33,16.6,2004-2,0,-3.615,135.538
6.7,0,6,691,243,0,42.5,17.4,2004-1,0,-3.12,127.4
7.3,0,4,820,235,0,46.6,10,2003-12,0,-22.015,169.766
6.6,0,9,670,552,0,44.8,10,2003-12,0,28.995,58.311
6.5,0,6,650,405,0,48.4,33,2003-12,0,8.416,-82.824
6.5,7,9,1390,65,0.04685,71,8.382,2003-12,0,35.7005,-121.101
6.8,0,7,711,447,0,27.7,10,2003-12,0,23.039,121.362
6.6,0,6,670,384,0,25.1,35,2003-11,0,-5.581,150.88
6.5,0,6,650,487,0,45.9,35,2003-11,0,12.025,125.416
6.6,0,5,670,475,0,26.2,113.7,2003-11,0,-19.262,168.892
7,0,5,754,568,0,61.2,10,2003-10,0,37.812,142.619
6.7,0,6,691,556,0,55.4,32,2003-10,0,42.648,144.57
6.7,0,7,691,643,0,24.5,10,2003-10,0,50.211,87.721
6.5,0,5,650,586,0,71.3,25,2003-9,0,42.45,144.38
7.3,0,7,820,667,0,24.5,16,2003-9,0,50.038,87.813
7.4,0,7,842,514,0,78.8,33,2003-9,0,41.774,143.593
8.16,0,9,1024,0,0,0,27,2003-9,0,41.815,143.91
6.6,0,7,670,518,0,24.7,10,2003-9,0,19.917,95.672
7.2,0,7,798,428,0,17.5,28,2003-8,0,-45.104,167.144
7.6,0,6,889,315,0,25.2,10,2003-8,0,-60.532,-43.411
6.5,0,6,650,156,0,31.4,33,2003-7,0,-3.828,152.174
6.8,0,7,711,398,0,39.1,33,2003-6,0,-30.608,-71.637
6.9,0,5,732,733,0,26.7,174.8,2003-6,0,55.492,159.999
6.6,0,6,670,419,0,27.8,33,2003-6,0,-5.095,152.502
7,0,6,754,473,0,30.3,31,2003-5,0,2.354,128.855
7,0,7,754,690,0,19.1,68,2003-5,0,38.849,141.568
6.8,0,9,711,534,0,19.4,12,2003-5,0,36.964,3.634
6.5,0,7,650,247,0,28.7,33,2003-3,0,-8.294,120.743
6.8,0,7,711,431,0,38.4,40.2,2003-3,0,-4.694,153.238
7.6,0,7,889,551,0,0,24,2003-1,0,18.77,-104.104
6.5,0,6,650,316,0,0,24,2003-1,0,13.626,-90.774
7.3,0,6,820,457,0,0,33,2003-1,0,-10.491,160.77
6.7,0,5,691,323,0,0,71.9,2003-1,0,-5.311,153.701
6.7,0,6,691,453,0,0,34,2002-12,0,-4.786,153.275
7.9,8,9,1750,0,0,0,4.2,2002-11,0,63.5141,-147.453
7.4,0,7,842,418,0,0,30,2002-11,0,2.824,96.085
6.6,0,7,670,0,0,0,4.2,2002-10,0,63.5144,-147.912
6.7,0,7,691,250,0,0,10,2002-10,0,-1.511,133.973
7.6,0,7,889,375,0,0,10,2002-10,0,-1.757,134.297
6.5,0,6,650,646,0,0,21,2002-9,0,13.036,93.068
7.6,0,7,889,428,0,0,13,2002-9,0,-3.302,142.945
6.5,0,4,650,260,0,0,30,2002-8,0,14.101,146.199
6.5,0,7,650,533,0,0,10,2002-7,0,7.929,-82.793
6.5,0,8,650,555,0,0,10,2002-6,0,35.626,49.047
6.6,0,7,670,420,0,0,54,2002-6,0,-30.805,-71.124
6.7,0,5,691,272,0,0,33,2002-6,0,-12.592,166.383
7.1,0,7,776,257,0,0,85.7,2002-4,0,13.088,144.619
6.7,0,7,691,462,0,0,62,2002-4,0,-27.535,-70.586
6.8,0,6,711,292,0,0,24.9,2002-4,0,16.985,-100.865
7.1,0,6,776,550,0,0,32.8,2002-3,0,24.279,122.179
6.5,0,5,650,486,0,0,125.1,2002-3,0,-21.663,-68.329
7.5,0,7,865,321,0,0,31,2002-3,0,6.033,124.249
7.4,0,5,842,138,0,0,225.6,2002-3,0,36.502,70.482
6.6,0,6,670,444,0,0,39,2002-2,0,-5.345,151.248
6.5,0,7,650,482,0,0,5,2002-2,0,38.573,31.271
6.7,0,8,691,333,0,0,11,2002-1,0,-3.212,142.427
6.6,0,6,670,386,0,0,10,2002-1,0,-17.664,168.004
7.2,0,6,798,427,0,0,21,2002-1,0,-17.6,167.856
6.8,0,7,711,385,0,0,16,2001-12,0,-9.613,159.53
6.8,0,5,711,499,0,0,14,2001-12,0,23.954,122.734
6.5,0,5,650,605,0,0,123.8,2001-12,0,39.402,141.089
7.8,0,9,936,368,0,0,10,2001-11,0,35.946,90.541
7,0,7,754,254,0,0,33,2001-10,0,-5.912,150.196
7.5,0,6,865,234,0,0,33,2001-10,0,-4.102,123.907
7,0,6,754,482,0,0,37,2001-10,0,12.686,144.98
6.5,0,6,650,174,0,0,33,2001-9,0,-0.578,133.13
6.6,6,6,754,0,0,0,131.8,2001-7,0,58.775,-154.701
6.5,0,8,650,483,0,0,10,2001-7,0,39.059,24.244
7.6,0,7,889,398,0,0,33,2001-7,0,-17.543,-72.077
6.6,0,7,670,324,0,0,62,2001-7,0,-16.086,-73.987
6.7,0,6,691,422,0,0,24,2001-6,0,-17.745,-71.649
8.4,0,8,1086,518,0,0,33,2001-6,0,-16.265,-73.641
6.7,0,6,691,282,0,0,17,2001-4,0,-7.41,155.865
6.8,0,7,711,596,0,0,50,2001-3,0,34.083,132.526
6.5,0,6,650,206,0,0,33,2001-3,0,-4.029,128.02
6.8,7,7,1441,67,0,31,51.798,2001-2,0,47.149,-122.727
7.1,0,7,776,426,0,0,35,2001-2,0,1.271,126.249
7.4,0,6,842,221,0,0,36,2001-2,0,-4.68,102.562
6.6,0,8,670,273,0,0,10,2001-2,0,13.671,-88.938
7.7,0,9,912,472,0,0,16,2001-1,0,23.419,70.232
6.9,0,6,732,117,0,0,28,2001-1,0,-4.022,101.776
7.7,0,8,912,427,0,0,60,2001-1,0,13.049,-88.66
6.9,5,7,745,0,0,0,36.4,2001-1,0,56.7744,-153.281
7.1,0,7,776,372,0,0,103,2001-1,0,-14.928,167.17
6.8,0,5,711,64,0,0,33,2001-1,0,6.631,126.899
7.5,0,7,865,324,0,0,33,2001-1,0,6.898,126.579
